<?xml version="1.0" encoding="UTF-8"?>
<AllergyIntolerance xmlns="http://hl7.org/fhir" xmlns:xsi="http://www.w3.org/2001/XMLSchema-instance" xsi:schemaLocation="http://hl7.org/fhir ../../../../../fhir-all-xsd/allergyintolerance.xsd">
	<id value="eufmh-39-07-1"/>
	<clinicalStatus value="active"/>
	<verificationStatus value="confirmed"/>
	<code>
		<coding>
			<system value="http://hl7.org/fhir/uv/ips/CodeSystem/absent-unknown"/>
			<code value="no-known-allergies"/>
			<display value="No known allergies"/>
		</coding>
	</code>
	<patient>
				<reference value="Patient/eufmh-39-07"/>
		<display value="ZMAJE	7 (Inject 39-07)" />
	</patient>
</AllergyIntolerance>
