<?xml version='1.0' encoding='UTF-8'?>
<Bundle xmlns='http://hl7.org/fhir' xmlns:xhtml='http://www.w3.org/1999/xhtml' >
<id value='eufmh-39-07-ips-bdl-1'/>
<identifier><system value='http://trilliumbridge.eu/fhir/demos/eufmh/inject'/><value value='eufmh-39-07'></value></identifier>
<type value='document'/>
<entry>
<fullUrl value='http://app.srdc.com.tr/fhir/stu3/Composition/eufmh-39-07-ips-1'/>
<resource>
<Composition>
	<id value="eufmh-39-07-ips-1"/>
	<status value="final"/>
	<type>
		<coding>
			<system value="http://loinc.org"/>
			<code value="60591-5"/>
			<display value="Patient Summary"/>
		</coding>
	</type>
	<subject>
		<reference value="http://app.srdc.com.tr/fhir/stu3/Patient/eufmh-39-07"/>
		<display value="ZMAJE	7 (Inject 39-07)" />
	</subject>
	<date value="2018-07-10T15:22:00+02:00"/>
	<author>
		<reference value="http://app.srdc.com.tr/fhir/stu3/Practitioner/eufmh-39-07"/>
		<display value="Dr. Mark Antonio"/>
	</author>
	<title value="Patient Summary - Inject 39-07"/>
	<confidentiality value="N"/>
	<section>
		<title value="Allergies and Intolerances"/>
		<code>
			<coding>
				<system value="http://loinc.org"/>
				<code value="48765-2"/>
				<display value="Allergies and/or adverse reactions"/>
			</coding>
		</code>
		<text>
			<status value="generated"/>
			<xhtml:div>No Known Allergies</xhtml:div>
		</text>
		<entry>
			<reference value="http://app.srdc.com.tr/fhir/stu3/AllergyIntolerance/eufmh-39-07-1"/>
		</entry>
	</section>
	<section>
		<title value="Active Problems"/>
		<code>
			<coding>
				<system value="http://loinc.org"/>
				<code value="11450-4"/>
				<display value="Problem list"/>
			</coding>
		</code>
		<text>
			<status value="generated"/>
			<xhtml:div>
				<xhtml:ul>
					<xhtml:li>Anterior Acute Myocardial Infarction (4 years ago)</xhtml:li>
					<xhtml:li>Mid-Left Anterior Descending coronary artery severe occlusion (80%)</xhtml:li>
					<xhtml:li>Hypercholesterolemia</xhtml:li>
				</xhtml:ul>
			</xhtml:div>
		</text>
		<entry>
			<reference value="http://app.srdc.com.tr/fhir/stu3/Condition/eufmh-39-07-1"/>
			<display value="Anterior Acute Myocardial Infarction"/>
		</entry>
		<entry>
			<reference value="http://app.srdc.com.tr/fhir/stu3/Condition/eufmh-39-07-2"/>
			<display value="Artery severe occlusion"/>
		</entry>
		<entry>
			<reference value="http://app.srdc.com.tr/fhir/stu3/Condition/eufmh-39-07-3"/>
			<display value="Hypercholesterolemia"/>
		</entry>
	</section>
	<section>
		<title value="Medication"/>
		<code>
			<coding>
				<system value="http://loinc.org"/>
				<code value="10160-0"/>
				<display value="Medication use"/>
			</coding>
		</code>
		<text>
			<status value="generated"/>
			<xhtml:div>
				<xhtml:table>
					<xhtml:thead>
						<xhtml:tr>
							<xhtml:th>Medication</xhtml:th>
							<xhtml:th>Dosage</xhtml:th>
						</xhtml:tr>
					</xhtml:thead>
					<xhtml:tbody>
						<xhtml:tr>
							<xhtml:td>Simvastatin</xhtml:td>
							<xhtml:td>40 mg/day</xhtml:td>
						</xhtml:tr>
						<xhtml:tr>
							<xhtml:td>Acetylsalicylic acid</xhtml:td>
							<xhtml:td>100 mg/day</xhtml:td>
						</xhtml:tr>
						<xhtml:tr>
							<xhtml:td>Captopril</xhtml:td>
							<xhtml:td>150 mg/day</xhtml:td>
						</xhtml:tr>
					</xhtml:tbody>
				</xhtml:table>
			</xhtml:div>
		</text>
		<entry>
			<reference value="http://app.srdc.com.tr/fhir/stu3/MedicationStatement/eufmh-39-07-1"/>
			<display value="Simvastatin 40 mg/day"/>
		</entry>
		<entry>
			<reference value="http://app.srdc.com.tr/fhir/stu3/MedicationStatement/eufmh-39-07-2"/>
			<display value="Acetylsalicylic acid 100 mg/day"/>
		</entry>
		<entry>
			<reference value="http://app.srdc.com.tr/fhir/stu3/MedicationStatement/eufmh-39-07-3"/>
			<display value="Captopril 150 mg/day"/>
		</entry>
	</section>
	<section>
	<title value="History of Procedure"/>
		<code>
			<coding>
				<system value="http://loinc.org"/>
				<code value="47519-4"/>
				<display value="History of Procedures"/>
			</coding>
		</code>
		<text>
			<status value="generated"/>
			<xhtml:div>
				Previous balloon angioplasty on mid-LAD stenosis with STENT Implantation
			</xhtml:div>
		</text>
		<entry>
			<reference value="http://app.srdc.com.tr/fhir/stu3/Procedure/eufmh-39-07-1"/>
			<display value="Balloon angioplasty on mid-LAD stenosis with STENT Implantation"/>
		</entry>
	</section>
</Composition>
</resource>
</entry>
<entry>
<fullUrl value='http://app.srdc.com.tr/fhir/stu3/Patient/eufmh-39-07'/>
<resource>
<Patient>
<!--Sample XML file generated by XMLSpy v2013 sp1 (http://www.altova.com)-->
	<id value="eufmh-39-07"/>
	<extension url="http://hl7.org/fhir/StructureDefinition/patient-citizenship">
		<extension url="code">
		<valueCodeableConcept>
			<coding>
				<system value="urn:iso:std:iso:3166"/>
				<code value="US"/>
				<display value="United States of America"/>
			</coding></valueCodeableConcept>
		</extension>
	</extension>
	<identifier>
		<system value="http://trilliumbridge.eu/fhir/demos/eufmh/inject"/>
		<value value="39-07"/>
	</identifier>
	<active value="true"/>
	<name>
		<family value="ZMAJE"/>
		<given value="7"/>
	</name>
	<gender value="male"/>
	<birthDate value="1957"/>
</Patient>
</resource>
</entry>
<entry>
<fullUrl value='http://app.srdc.com.tr/fhir/stu3/Practitioner/eufmh-39-07'/>
<resource>
<Practitioner>
<!--Sample XML file generated by XMLSpy v2013 sp1 (http://www.altova.com)-->
	<id value="eufmh-39-07"/>
	<name>
		<family value="Antonio"/>
		<given value="Mark"/>
		<prefix value="Dr."/>
	</name>
</Practitioner>
</resource>
</entry>
<entry>
<fullUrl value='http://app.srdc.com.tr/fhir/stu3/AllergyIntolerance/eufmh-39-07-1'/>
<resource>
<AllergyIntolerance>
	<id value="eufmh-39-07-1"/>
	<clinicalStatus value="active"/>
	<verificationStatus value="confirmed"/>
	<code>
		<coding>
			<system value="http://hl7.org/fhir/uv/ips/CodeSystem/absent-unknown"/>
			<code value="no-known-allergies"/>
			<display value="No known allergies"/>
		</coding>
	</code>
	<patient>
				<reference value="http://app.srdc.com.tr/fhir/stu3/Patient/eufmh-39-07"/>
		<display value="ZMAJE	7 (Inject 39-07)" />
	</patient>
</AllergyIntolerance>
</resource>
</entry>
<entry>
<fullUrl value='http://app.srdc.com.tr/fhir/stu3/Condition/eufmh-39-07-1'/>
<resource>
<Condition>
	<id value="eufmh-39-07-1"/>
	<clinicalStatus value="active"/>
	<code>
		<coding>
			<system value="http://snomed.info/sct"/>
			<code value="54329005"/>
			<display value="Acute myocardial infarction of anterior wall"/>
		</coding>
	</code>
	<subject>
		<reference value="http://app.srdc.com.tr/fhir/stu3/Patient/eufmh-39-07"/>
		<display value="ZMAJE	7 (Inject 39-07)"/>
	</subject>
	<onsetDateTime value="2014"/>
	<asserter>
		<reference value="http://app.srdc.com.tr/fhir/stu3/Practitioner/eufmh-39-07"/>
		<display value="Dr. Mark Antonio"/>
	</asserter>
</Condition>
</resource>
</entry>
<entry>
<fullUrl value='http://app.srdc.com.tr/fhir/stu3/Condition/eufmh-39-07-2'/>
<resource>
<Condition>
	<id value="eufmh-39-07-2"/>
	<clinicalStatus value="active"/>
	<code>
		<coding>
			<system value="http://snomed.info/sct"/>
			<code value="123641001"/>
			<display value="Left coronary artery occlusion"/>
		</coding>
		<text value="Mid-Left Anterior Descending coronary artery severe occlusion (80%)"/>
	</code>
	<subject>
		<reference value="http://app.srdc.com.tr/fhir/stu3/Patient/eufmh-39-07"/>
		<display value="ZMAJE	7 (Inject 39-07)"/>
	</subject>
	<onsetDateTime value="2014"/>
	<asserter>
		<reference value="http://app.srdc.com.tr/fhir/stu3/Practitioner/eufmh-39-07"/>
		<display value="Dr. Mark Antonio"/>
	</asserter>
</Condition>
</resource>
</entry>
<entry>
<fullUrl value='http://app.srdc.com.tr/fhir/stu3/Condition/eufmh-39-07-3'/>
<resource>
<Condition>
	<id value="eufmh-39-07-3"/>
	<clinicalStatus value="active"/>
	<code>
		<coding>
			<system value="http://snomed.info/sct"/>
			<code value="13644009"/>
			<display value="Hypercholesterolemia"/>
		</coding>
		<text value="Hypercholesterolemia"/>
	</code>
	<subject>
		<reference value="http://app.srdc.com.tr/fhir/stu3/Patient/eufmh-39-07"/>
		<display value="ZMAJE	7 (Inject 39-07)"/>
	</subject>
	<onsetDateTime value="2012"/>
	<asserter>
		<reference value="http://app.srdc.com.tr/fhir/stu3/Practitioner/eufmh-39-07"/>
		<display value="Dr. Mark Antonio"/>
	</asserter>
</Condition>
</resource>
</entry>
<entry>
<fullUrl value='http://app.srdc.com.tr/fhir/stu3/MedicationStatement/eufmh-39-07-1'/>
<resource>
<MedicationStatement>
	<id value="eufmh-39-07-1"/>
	<status value="active"/>
	<medicationReference>
		<reference value="http://app.srdc.com.tr/fhir/stu3/Medication/eufmh-39-07-1"/>
		<display value="simvastatin" />
	</medicationReference>
	<effectivePeriod>
		<start value="2014"/>
	</effectivePeriod>
	<subject>
		<reference value="http://app.srdc.com.tr/fhir/stu3/Patient/eufmh-39-07"/>
		<display value="ZMAJE	7 (Inject 39-07)"/>
	</subject>
	<taken value="na"/>
	<dosage>
		<text value="40 mg/day"/>
		<timing>
			<repeat>
				<frequency value="1"/>
				<period value="1"/>
				<periodUnit value="d"/>
			</repeat>
		</timing>
		<doseQuantity>
			<value value="40"/>
			<unit value="mg"/>
			<system value="http://unitsofmeasure.org"/>
			<code value="mg"/>
		</doseQuantity>
	</dosage>
</MedicationStatement>
</resource>
</entry>
<entry>
<fullUrl value='http://app.srdc.com.tr/fhir/stu3/MedicationStatement/eufmh-39-07-2'/>
<resource>
<MedicationStatement>
	<id value="eufmh-39-07-2"/>
	<status value="active"/>
	<medicationReference>
		<reference value="http://app.srdc.com.tr/fhir/stu3/Medication/eufmh-39-07-2"/>
		<display value="simvastatin" />
	</medicationReference>
	<effectivePeriod>
		<start value="2014"/>
	</effectivePeriod>
	<subject>
		<reference value="http://app.srdc.com.tr/fhir/stu3/Patient/eufmh-39-07"/>
		<display value="ZMAJE	7 (Inject 39-07)"/>
	</subject>
	<taken value="na"/>
	<dosage>
		<text value="100 mg/day"/>
		<timing>
			<repeat>
				<frequency value="1"/>
				<period value="1"/>
				<periodUnit value="d"/>
			</repeat>
		</timing>
		<doseQuantity>
			<value value="100"/>
			<unit value="mg"/>
			<system value="http://unitsofmeasure.org"/>
			<code value="mg"/>
		</doseQuantity>
	</dosage>
</MedicationStatement>
</resource>
</entry>
<entry>
<fullUrl value='http://app.srdc.com.tr/fhir/stu3/MedicationStatement/eufmh-39-07-3'/>
<resource>
<MedicationStatement>
	<id value="eufmh-39-07-3"/>
	<status value="active"/>
	<medicationReference>
		<reference value="http://app.srdc.com.tr/fhir/stu3/Medication/eufmh-39-07-3"/>
		<display value="Captopril" />
	</medicationReference>
	<effectivePeriod>
		<start value="2014"/>
	</effectivePeriod>
	<subject>
		<reference value="http://app.srdc.com.tr/fhir/stu3/Patient/eufmh-39-07"/>
		<display value="ZMAJE	7 (Inject 39-07)"/>
	</subject>
	<taken value="na"/>
	<dosage>
		<text value="150 mg/day"/>
	</dosage>
</MedicationStatement>
</resource>
</entry>
<entry>
<fullUrl value='http://app.srdc.com.tr/fhir/stu3/Medication/eufmh-39-07-1'/>
<resource>
<Medication>
	<id value="eufmh-39-07-1"/>
	<code>
		<coding>
			<system value="http://www.nlm.nih.gov/research/umls/rxnorm"/>
			<code value="757704"/>
			<display value="Simvastatin 40 MG Disintegrating Oral Tablet"/>
		</coding>
		<coding>
			<system value="http://www.whocc.no/atc"/>
			<code value="C10AA01"/>
			<display value="simvastatin"/>
		</coding>
		<text value="Fluspiral 50 mcg"/>
	</code>
	<form>
		<coding>
			<system value="http://www.nlm.nih.gov/research/umls/rxnorm"/>
			<code value="1294713"/>
			<display value="Disintegrating Oral Product"/>
		</coding>
		<coding>
			<system value="urn:oid:0.4.0.127.0.16.1.1.2.1"/>
			<code value="10219000"/>
			<display value="Tablet"/>
		</coding>
	</form>
	<ingredient>
		<itemCodeableConcept>
			<coding>
				<system value="http://www.nlm.nih.gov/research/umls/rxnorm"/>
				<code value="36567"/>
				<display value="Simvastatin"/>
			</coding>
		</itemCodeableConcept>
	</ingredient>
</Medication>
</resource>
</entry>
<entry>
<fullUrl value='http://app.srdc.com.tr/fhir/stu3/Medication/eufmh-39-07-2'/>
<resource>
<Medication>
	<id value="eufmh-39-07-2"/>
	<code>
		<coding>
			<system value="http://www.nlm.nih.gov/research/umls/rxnorm"/>
			<code value="246461"/>
			<display value="Aspirin 100 MG Oral Tablet"/>
		</coding>
		<coding>
			<system value="http://www.whocc.no/atc"/>
			<code value="B01AC06"/>
			<display value="acetylsalicylic acid"/>
		</coding>
	</code>
	<form>
		<coding>
			<system value="http://www.nlm.nih.gov/research/umls/rxnorm"/>
			<code value="1151133"/>
			<display value="Pill"/>
		</coding>
		<coding>
			<system value="urn:oid:0.4.0.127.0.16.1.1.2.1"/>
			<code value="10219000"/>
			<display value="Tablet"/>
		</coding>
	</form>
	<ingredient>
		<itemCodeableConcept>
			<coding>
				<system value="http://www.nlm.nih.gov/research/umls/rxnorm"/>
				<code value="1191"/>
				<display value="Aspirin"/>
			</coding>
		</itemCodeableConcept>
	</ingredient>
</Medication>
</resource>
</entry>
<entry>
<fullUrl value='http://app.srdc.com.tr/fhir/stu3/Medication/eufmh-39-07-3'/>
<resource>
<Medication>
	<id value="eufmh-39-07-3"/>
	<code>
		<coding>
			<system value="http://www.nlm.nih.gov/research/umls/rxnorm"/>
			<code value="1155753"/>
			<display value="Captopril Oral Product"/>
		</coding>
		<coding>
			<system value="http://www.whocc.no/atc"/>
			<code value="C09AA01"/>
			<display value="captopril"/>
		</coding>
	</code>
	<form>
		<coding>
			<system value="http://www.nlm.nih.gov/research/umls/rxnorm"/>
			<code value="1151131"/>
			<display value="Oral Product"/>
		</coding>
		<coding>
			<system value="urn:oid:0.4.0.127.0.16.1.1.2.1"/>
			<code value="10219000"/>
			<display value="Tablet"/>
		</coding>
	</form>
	<ingredient>
		<itemCodeableConcept>
			<coding>
				<system value="http://www.nlm.nih.gov/research/umls/rxnorm"/>
				<code value="1998"/>
				<display value="Captopril"/>
			</coding>
		</itemCodeableConcept>
	</ingredient>
</Medication>
</resource>
</entry>
<entry>
<fullUrl value='http://app.srdc.com.tr/fhir/stu3/Procedure/eufmh-39-07-1'/>
<resource>
<Procedure>
	<id value="eufmh-39-07-1"/>
	<status value="completed"/>
	<category>
		<coding>
			<system value="http://snomed.info/sct"/>
			<code value="387713003"/>
			<display value="Surgical procedure"/>
		</coding>
	</category>
	<code>
		<coding>
			<system value="http://snomed.info/sct"/>
			<code value="233404000"/>
			<display value="Insertion of arterial stent"/>
		</coding>
		<coding>
			<system value="http://snomed.info/sct"/>
			<code value="233258006"/>
			<display value="Balloon angioplasty of artery"/>
		</coding>
		<text value="Previous balloon angioplasty on mid-LAD stenosis with STENT Implantation"/>
	</code>
	<subject>
		<reference value="http://app.srdc.com.tr/fhir/stu3/Patient/eufmh-39-07"/>
		<display value="ZMAJE	7 (Inject 39-07)"/>
	</subject>
</Procedure>
</resource>
</entry>
</Bundle>
