<?xml version="1.0" encoding="UTF-8"?>
<Composition xmlns="http://hl7.org/fhir" xmlns:xsi="http://www.w3.org/2001/XMLSchema-instance" xmlns:xhtml="http://www.w3.org/1999/xhtml" xsi:schemaLocation="http://hl7.org/fhir ../../../../../fhir-all-xsd/composition.xsd">
	<id value="eufmh-39-07-ips-1"/>
	<status value="final"/>
	<type>
		<coding>
			<system value="http://loinc.org"/>
			<code value="60591-5"/>
			<display value="Patient Summary"/>
		</coding>
	</type>
	<subject>
		<reference value="Patient/eufmh-39-07"/>
		<display value="ZMAJE	7 (Inject 39-07)" />
	</subject>
	<date value="2018-07-10T15:22:00+02:00"/>
	<author>
		<reference value="Practitioner/eufmh-39-07"/>
		<display value="Dr. Mark Antonio"/>
	</author>
	<title value="Patient Summary - Inject 39-07"/>
	<confidentiality value="N"/>
	<section>
		<title value="Allergies and Intolerances"/>
		<code>
			<coding>
				<system value="http://loinc.org"/>
				<code value="48765-2"/>
				<display value="Allergies and/or adverse reactions"/>
			</coding>
		</code>
		<text>
			<status value="generated"/>
			<xhtml:div>No Known Allergies</xhtml:div>
		</text>
		<entry>
			<reference value="AllergyIntolerance/eufmh-39-07-1"/>
		</entry>
	</section>
	<section>
		<title value="Active Problems"/>
		<code>
			<coding>
				<system value="http://loinc.org"/>
				<code value="11450-4"/>
				<display value="Problem list"/>
			</coding>
		</code>
		<text>
			<status value="generated"/>
			<xhtml:div>
				<xhtml:ul>
					<xhtml:li>Anterior Acute Myocardial Infarction (4 years ago)</xhtml:li>
					<xhtml:li>Mid-Left Anterior Descending coronary artery severe occlusion (80%)</xhtml:li>
					<xhtml:li>Hypercholesterolemia</xhtml:li>
				</xhtml:ul>
			</xhtml:div>
		</text>
		<entry>
			<reference value="Condition/eufmh-39-07-1"/>
			<display value="Anterior Acute Myocardial Infarction"/>
		</entry>
		<entry>
			<reference value="Condition/eufmh-39-07-2"/>
			<display value="Artery severe occlusion"/>
		</entry>
		<entry>
			<reference value="Condition/eufmh-39-07-3"/>
			<display value="Hypercholesterolemia"/>
		</entry>
	</section>
	<section>
		<title value="Medication"/>
		<code>
			<coding>
				<system value="http://loinc.org"/>
				<code value="10160-0"/>
				<display value="Medication use"/>
			</coding>
		</code>
		<text>
			<status value="generated"/>
			<xhtml:div>
				<xhtml:table>
					<xhtml:thead>
						<xhtml:tr>
							<xhtml:th>Medication</xhtml:th>
							<xhtml:th>Dosage</xhtml:th>
						</xhtml:tr>
					</xhtml:thead>
					<xhtml:tbody>
						<xhtml:tr>
							<xhtml:td>Simvastatin</xhtml:td>
							<xhtml:td>40 mg/day</xhtml:td>
						</xhtml:tr>
						<xhtml:tr>
							<xhtml:td>Acetylsalicylic acid</xhtml:td>
							<xhtml:td>100 mg/day</xhtml:td>
						</xhtml:tr>
						<xhtml:tr>
							<xhtml:td>Captopril</xhtml:td>
							<xhtml:td>150 mg/day</xhtml:td>
						</xhtml:tr>
					</xhtml:tbody>
				</xhtml:table>
			</xhtml:div>
		</text>
		<entry>
			<reference value="MedicationStatement/eufmh-39-07-1"/>
			<display value="Simvastatin 40 mg/day"/>
		</entry>
		<entry>
			<reference value="MedicationStatement/eufmh-39-07-2"/>
			<display value="Acetylsalicylic acid 100 mg/day"/>
		</entry>
		<entry>
			<reference value="MedicationStatement/eufmh-39-07-3"/>
			<display value="Captopril 150 mg/day"/>
		</entry>
	</section>
	<section>
	<title value="History of Procedure"/>
		<code>
			<coding>
				<system value="http://loinc.org"/>
				<code value="47519-4"/>
				<display value="History of Procedures"/>
			</coding>
		</code>
		<text>
			<status value="generated"/>
			<xhtml:div>
				Previous balloon angioplasty on mid-LAD stenosis with STENT Implantation
			</xhtml:div>
		</text>
		<entry>
			<reference value="Procedure/eufmh-39-07-1"/>
			<display value="Balloon angioplasty on mid-LAD stenosis with STENT Implantation"/>
		</entry>
	</section>
</Composition>
