<?xml version="1.0" encoding="UTF-8"?>
<Condition xmlns="http://hl7.org/fhir" xmlns:xsi="http://www.w3.org/2001/XMLSchema-instance" xsi:schemaLocation="http://hl7.org/fhir ../../../../../fhir-all-xsd/condition.xsd">
	<id value="eufmh-39-07-2"/>
	<clinicalStatus value="active"/>
	<code>
		<coding>
			<system value="http://snomed.info/sct"/>
			<code value="123641001"/>
			<display value="Left coronary artery occlusion"/>
		</coding>
		<text value="Mid-Left Anterior Descending coronary artery severe occlusion (80%)"/>
	</code>
	<subject>
		<reference value="Patient/eufmh-39-07"/>
		<display value="ZMAJE	7 (Inject 39-07)"/>
	</subject>
	<onsetDateTime value="2014"/>
	<asserter>
		<reference value="Practitioner/eufmh-39-07"/>
		<display value="Dr. Mark Antonio"/>
	</asserter>
</Condition>
