<?xml version="1.0" encoding="UTF-8"?>
<Medication xmlns="http://hl7.org/fhir" xmlns:xsi="http://www.w3.org/2001/XMLSchema-instance" xsi:schemaLocation="http://hl7.org/fhir ../../../../../fhir-all-xsd/medication.xsd">
	<id value="eufmh-39-07-2"/>
	<code>
		<coding>
			<system value="http://www.nlm.nih.gov/research/umls/rxnorm"/>
			<code value="246461"/>
			<display value="Aspirin 100 MG Oral Tablet"/>
		</coding>
		<coding>
			<system value="http://www.whocc.no/atc"/>
			<code value="B01AC06"/>
			<display value="acetylsalicylic acid"/>
		</coding>
	</code>
	<form>
		<coding>
			<system value="http://www.nlm.nih.gov/research/umls/rxnorm"/>
			<code value="1151133"/>
			<display value="Pill"/>
		</coding>
		<coding>
			<system value="urn:oid:0.4.0.127.0.16.1.1.2.1"/>
			<code value="10219000"/>
			<display value="Tablet"/>
		</coding>
	</form>
	<ingredient>
		<itemCodeableConcept>
			<coding>
				<system value="http://www.nlm.nih.gov/research/umls/rxnorm"/>
				<code value="1191"/>
				<display value="Aspirin"/>
			</coding>
		</itemCodeableConcept>
	</ingredient>
</Medication>
