<?xml version="1.0" encoding="UTF-8"?>
<Medication xmlns="http://hl7.org/fhir" xmlns:xsi="http://www.w3.org/2001/XMLSchema-instance" xsi:schemaLocation="http://hl7.org/fhir ../../../../../fhir-all-xsd/medication.xsd">
	<id value="eufmh-39-07-1"/>
	<code>
		<coding>
			<system value="http://www.nlm.nih.gov/research/umls/rxnorm"/>
			<code value="757704"/>
			<display value="Simvastatin 40 MG Disintegrating Oral Tablet"/>
		</coding>
		<coding>
			<system value="http://www.whocc.no/atc"/>
			<code value="C10AA01"/>
			<display value="simvastatin"/>
		</coding>
		<text value="Fluspiral 50 mcg"/>
	</code>
	<form>
		<coding>
			<system value="http://www.nlm.nih.gov/research/umls/rxnorm"/>
			<code value="1294713"/>
			<display value="Disintegrating Oral Product"/>
		</coding>
		<coding>
			<system value="urn:oid:0.4.0.127.0.16.1.1.2.1"/>
			<code value="10219000"/>
			<display value="Tablet"/>
		</coding>
	</form>
	<ingredient>
		<itemCodeableConcept>
			<coding>
				<system value="http://www.nlm.nih.gov/research/umls/rxnorm"/>
				<code value="36567"/>
				<display value="Simvastatin"/>
			</coding>
		</itemCodeableConcept>
	</ingredient>
</Medication>
